feature,score,class
im,0.048680531399101286,suicide
dont,0.04007941438803096,suicide
want,0.03766896453010931,suicide
life,0.03710831790336708,suicide
just,0.03467417143116083,suicide
feel,0.03365778758502111,suicide
ive,0.026886746658769983,suicide
know,0.024204861326361293,suicide
anymore,0.021674521065325567,suicide
kill,0.02109419539847772,suicide
die,0.01984385198311161,suicide
going,0.01916357259101277,suicide
suicide,0.019058936940458536,suicide
end,0.017018860111262923,suicide
live,0.016440623707346905,suicide
think,0.015575815066517522,suicide
years,0.01555730961161371,suicide
time,0.015417232862150857,suicide
family,0.015165373895564023,suicide
really,0.015102951136628361,suicide
filler,0.01777020368258772,non-suicide
guys,0.0103713785357031,non-suicide
bored,0.008033871622715415,non-suicide
dm,0.005819043579001233,non-suicide
hey,0.005746110855717305,non-suicide
crush,0.0053648180537453904,non-suicide
wanna,0.005353436573547594,non-suicide
post,0.004924627948829112,non-suicide
girls,0.004884715448538929,non-suicide
girl,0.004842143790825764,non-suicide
reddit,0.004626691210226033,non-suicide
play,0.004575158462035485,non-suicide
cool,0.004373773743332284,non-suicide
discord,0.004276559796322173,non-suicide
lol,0.004276190111923712,non-suicide
award,0.00417706619031263,non-suicide
chat,0.004148150491627745,non-suicide
yall,0.004019889256908827,non-suicide
song,0.0038628743997593615,non-suicide
horny,0.0037654887206456404,non-suicide
