train_size,train_f1,val_f1,train_loss,val_loss
14852,0.9390986805807175,0.9137549052653565,0.06090131941928245,0.08624509473464348
41587,0.9403136382216918,0.9238992695226766,0.05968636177830822,0.07610073047732335
68321,0.9413696080008702,0.928406294404471,0.05863039199912978,0.07159370559552902
95056,0.9416038775772921,0.9307200577965631,0.05839612242270786,0.06927994220343692
121791,0.9411416162326358,0.9324980297410816,0.058858383767364186,0.06750197025891835
148526,0.942011683025839,0.9335146205790179,0.05798831697416096,0.0664853794209821
